risk_decile,n,actual_rate,mean_predicted,abs_gap
"(-0.000999126, 0.101]",71,0.056338028169014086,0.03665475709338827,0.019683271075625813
"(0.101, 0.14]",55,0.10909090909090909,0.12274196570704414,0.013651056616135054
"(0.14, 0.187]",175,0.21714285714285714,0.1675124052315991,0.04963045191125803
"(0.187, 0.235]",215,0.25116279069767444,0.21073574573761192,0.040427044960062525
"(0.235, 0.285]",214,0.21962616822429906,0.2601075303478735,0.04048136212357442
"(0.285, 0.329]",155,0.2064516129032258,0.3091969941806416,0.10274538127741581
"(0.329, 0.377]",206,0.16990291262135923,0.3541675233906338,0.18426461076927456
"(0.377, 0.46]",587,0.3339011925042589,0.4225544987489231,0.08865330624466417
"(0.46, 0.99]",1138,0.5246045694200352,0.5567015706586486,0.032097001238613365
"(0.99, 1.0]",183,1.0,0.9946058717936659,0.0053941282063341145
