channel_clean,lead_band,bookings,canceled,no_show,cancel_or_noshow,stay_nights,gross_booked_proxy,gross_cancel_proxy,canceled_rate,no_show_rate,cancel_or_noshow_rate,avg_adr
Aviation,0,8,1,0,1,21,2000.0,160.0,0.125,0.0,0.125,95.23809523809524
Aviation,1-7,21,4,0,4,56,5673.7,647.0,0.19047619047619047,0.0,0.19047619047619047,101.31607142857142
Aviation,8-30,9,3,1,3,64,6320.0,1540.0,0.3333333333333333,0.1111111111111111,0.3333333333333333,98.75
Aviation,31-90,0,0,0,0,0,0.0,0.0,,,,
Aviation,91-180,0,0,0,0,0,0.0,0.0,,,,
Aviation,181+,0,0,0,0,0,0.0,0.0,,,,
Complementary,0,33,7,0,7,43,0.0,0.0,0.21212121212121213,0.0,0.21212121212121213,0.0
Complementary,1-7,52,2,0,2,87,287.0,0.0,0.038461538461538464,0.0,0.038461538461538464,3.2988505747126435
Complementary,8-30,27,4,0,4,51,76.0,0.0,0.14814814814814814,0.0,0.14814814814814814,1.4901960784313726
Complementary,31-90,9,3,0,3,24,141.99,111.99,0.3333333333333333,0.0,0.3333333333333333,5.916250000000001
Complementary,91-180,3,0,0,0,7,6.0,0.0,0.0,0.0,0.0,0.8571428571428571
Complementary,181+,0,0,0,0,0,0.0,0.0,,,,
Corporate,0,119,7,3,7,185,9930.11,611.0,0.058823529411764705,0.025210084033613446,0.058823529411764705,53.67627027027027
Corporate,1-7,356,37,4,37,603,39806.59,5482.0,0.10393258426966293,0.011235955056179775,0.10393258426966293,66.01424543946932
Corporate,8-30,233,47,2,47,486,35271.94,7093.64,0.2017167381974249,0.008583690987124463,0.2017167381974249,72.57600823045269
Corporate,31-90,158,59,3,59,444,30420.52,10846.0,0.37341772151898733,0.0189873417721519,0.37341772151898733,68.51468468468468
Corporate,91-180,37,18,0,18,68,5647.0,3620.0,0.4864864864864865,0.0,0.4864864864864865,83.04411764705883
Corporate,181+,12,4,0,4,58,4989.0,1674.0,0.3333333333333333,0.0,0.3333333333333333,86.01724137931035
Direct,0,463,26,4,26,657,61466.64,3000.61,0.056155507559395246,0.008639308855291577,0.056155507559395246,93.5565296803653
Direct,1-7,422,33,8,33,1026,107205.33,10009.04,0.07819905213270142,0.018957345971563982,0.07819905213270142,104.48862573099416
Direct,8-30,372,71,6,71,1167,153950.14,36458.350000000006,0.19086021505376344,0.016129032258064516,0.19086021505376344,131.91957155098544
Direct,31-90,409,90,10,90,1694,230346.69,59104.00000000001,0.2200488997555012,0.02444987775061125,0.2200488997555012,135.97797520661157
Direct,91-180,329,56,2,56,1651,237813.17,39035.18000000001,0.1702127659574468,0.0060790273556231,0.1702127659574468,144.04189582071473
Direct,181+,143,36,0,36,759,93713.31,19420.990000000005,0.2517482517482518,0.0,0.2517482517482518,123.4694466403162
Groups,0,16,3,0,3,33,1944.59,304.0,0.1875,0.0,0.1875,58.92696969696969
Groups,1-7,92,23,1,23,233,14362.63,2430.65,0.25,0.010869565217391304,0.25,61.642188841201715
Groups,8-30,258,87,1,87,802,66440.69,22044.91,0.3372093023255814,0.003875968992248062,0.3372093023255814,82.84375311720699
Groups,31-90,685,379,3,379,2061,166445.29,93681.04,0.5532846715328467,0.004379562043795621,0.5532846715328467,80.75948083454634
Groups,91-180,813,534,10,534,2540,217706.67,146507.67,0.6568265682656826,0.012300123001230012,0.6568265682656826,85.71128740157481
Groups,181+,1524,1110,1,1110,4568,338824.44,227582.58,0.7283464566929134,0.0006561679790026247,0.7283464566929134,74.17347635726796
Offline TA/TO,0,76,7,1,7,126,8560.18,843.6,0.09210526315789473,0.013157894736842105,0.09210526315789473,67.93793650793651
Offline TA/TO,1-7,235,24,3,24,633,46710.96,4161.25,0.10212765957446808,0.01276595744680851,0.10212765957446808,73.79298578199052
Offline TA/TO,8-30,433,86,2,86,1588,123638.17,21823.27,0.19861431870669746,0.004618937644341801,0.19861431870669746,77.85778967254409
Offline TA/TO,31-90,1007,283,6,283,3918,341187.31,86770.08,0.2810327706057597,0.005958291956305859,0.2810327706057597,87.08200867789688
Offline TA/TO,91-180,1080,434,17,434,4887,436258.58,145827.77,0.40185185185185185,0.01574074074074074,0.40185185185185185,89.26919991815019
Offline TA/TO,181+,1223,587,5,587,4920,440891.8,173169.99000000002,0.47996729354047424,0.004088307440719542,0.47996729354047424,89.61215447154471
Online TA,0,330,19,9,19,519,50346.27,3158.51,0.05757575757575758,0.02727272727272727,0.05757575757575758,97.00630057803468
Online TA,1-7,1044,116,17,116,2449,276462.45,36331.7,0.1111111111111111,0.016283524904214558,0.1111111111111111,112.8878930175582
Online TA,8-30,1822,585,26,585,5542,678156.1,247986.53999999998,0.3210757409440176,0.014270032930845226,0.3210757409440176,122.36667268134246
Online TA,31-90,2677,1058,22,1058,9646,1139704.15,479506.79,0.39521852820321257,0.008218154650728428,0.39521852820321257,118.15303234501347
Online TA,91-180,2211,1000,15,1000,9253,1109149.45,533379.64,0.4522840343735866,0.0067842605156037995,0.4522840343735866,119.86917216038042
Online TA,181+,1259,695,8,695,5871,678975.58,390550.72,0.5520254169976172,0.006354249404289118,0.5520254169976172,115.64905126894907
