feature,coefficient,odds_ratio
cat__deposit_clean_Non Refund,4.071144923028749,58.62404420116923
num__num_cancellations,2.8831135245589556,17.869824792435672
cat__meal_package_FB,0.6472522464820711,1.9102846196532144
cat__channel_clean_Online TA,0.5891841798030081,1.802517285383819
num__advance_time,0.3498819260734765,1.4189000036073347
cat__channel_clean_Groups,0.3416293392674176,1.4072385927446347
cat__reserved_room_code_C,0.3332389090852715,1.3954806516536666
cat__meal_package_SC,0.3243930562549713,1.383190872110774
cat__channel_clean_Aviation,0.29184858103255384,1.3389002673935626
cat__arrival_month_clean_December,0.25677780300004627,1.292757847928812
cat__reserved_room_code_P,0.2412912083212269,1.2728916579842315
cat__arrival_month_clean_February,0.21990792186042343,1.245961999442455
num__average_daily_rate,0.18091460272448712,1.1983128422716682
cat__property_City Hotel,0.17472754228220136,1.1909216965978424
num__arrival_year,0.1043894847464062,1.1100327115405941
cat__arrival_month_clean_August,0.08835610760433438,1.0923770565494546
cat__meal_package_BB,0.08155712028492618,1.0849751899060298
cat__arrival_month_clean_March,0.0775254345217785,1.08060971690041
num__weekend_stays,0.07565818163950314,1.0785938279648477
cat__reserved_room_code_H,0.07306762079767483,1.0758032811311762
cat__reserved_room_code_B,0.05986834234777784,1.0616967568409919
num__num_adults,0.05823518319070915,1.0599642521735373
num__week_stays,0.0548997454839051,1.0564346970168859
num__num_children,0.04382074017788269,1.0447950483261628
cat__arrival_month_clean_June,0.04130267976475901,1.0421675008251763
num__wait_days,0.030139000835435054,1.0305977779499012
cat__reserved_room_code_A,0.02151786606461851,1.0217510448445046
num__arrival_day_of_month,0.006402483916891575,1.006423023628705
cat__property_Resort Hotel,0.001730930249015719,1.001732429173499
cat__reserved_room_code_E,-0.010148022751331077,0.9899032946946462
cat__arrival_month_clean_April,-0.013310070710679092,0.9867781165871701
cat__arrival_month_clean_July,-0.017984209140625436,0.982176541647498
cat__arrival_month_clean_November,-0.02680399960073954,0.9735520394139207
cat__reserved_room_code_D,-0.04340299614475324,0.9575254332445976
cat__arrival_month_clean_January,-0.07880616250522958,0.924219055389695
cat__channel_clean_Corporate,-0.08441995110911407,0.9190452209829836
num__is_returning,-0.09081646840761909,0.9131852938715336
cat__reserved_room_code_G,-0.0984734043662202,0.9062197937835359
cat__arrival_month_clean_October,-0.10916684566024411,0.8965808144003279
cat__arrival_month_clean_May,-0.121441587152499,0.8856427847548896
cat__arrival_month_clean_September,-0.1398985994501032,0.8694463932714854
cat__channel_clean_Complementary,-0.13995144504049614,0.8694004480775291
cat__meal_package_HB,-0.1963606819427753,0.8217158031703574
cat__channel_clean_Offline TA/TO,-0.35833616449167843,0.6988381109571178
cat__reserved_room_code_F,-0.4005010508230419,0.6699842657533899
cat__channel_clean_Direct,-0.46349606693047507,0.6290804890653118
cat__meal_package_Undefined,-0.680383268547978,0.5064228592114871
num__num_not_canceled,-0.7242427144278487,0.4846914798743086
cat__deposit_clean_No Deposit,-1.5408381005417204,0.21420150378069233
cat__deposit_clean_Refundable,-2.3538483499557996,0.09500285359830783
