arrival_year,arrival_month_num,arrival_month_clean,bookings,canceled,no_show,cancel_or_noshow,stay_nights,gross_booked_proxy,gross_cancel_proxy,canceled_rate,no_show_rate,cancel_or_noshow_rate,avg_adr
2015,7,July,464,221,4,221,1808,197557.36,63405.729999999996,0.47629310344827586,0.008620689655172414,0.47629310344827586,109.26845132743362
2015,8,August,675,275,4,275,2552,296395.16,103562.82999999999,0.4074074074074074,0.005925925925925926,0.4074074074074074,116.1423040752351
2015,9,September,828,344,10,344,2823,272281.84,103852.70999999999,0.41545893719806765,0.012077294685990338,0.41545893719806765,96.45123627346796
2015,10,October,830,300,1,300,2580,189523.29,63678.16,0.3614457831325301,0.0012048192771084338,0.3614457831325301,73.45863953488373
2015,11,November,373,80,9,80,1201,73105.13,17483.8,0.21447721179624665,0.024128686327077747,0.21447721179624665,60.870216486261455
2015,12,December,509,191,7,191,1564,118413.81,46356.39,0.37524557956778,0.0137524557956778,0.37524557956778,75.7121547314578
2016,1,January,371,93,10,93,1023,67519.16,22507.46,0.25067385444743934,0.026954177897574125,0.25067385444743934,66.0011339198436
2016,2,February,652,227,20,227,1852,132733.56,48939.07,0.348159509202454,0.03067484662576687,0.348159509202454,71.67038876889849
2016,3,March,804,254,10,254,2608,201087.18,74407.75,0.31592039800995025,0.012437810945273632,0.31592039800995025,77.10398006134969
2016,4,April,895,342,4,342,2895,260614.17,105989.84,0.38212290502793295,0.004469273743016759,0.38212290502793295,90.02216580310882
2016,5,May,893,297,9,297,2876,271963.43,88147.51000000001,0.3325867861142217,0.010078387458006719,0.3325867861142217,94.56308414464534
2016,6,June,902,379,7,379,3098,323495.51,135224.85000000003,0.42017738359201773,0.007760532150776054,0.42017738359201773,104.42075855390574
2016,7,July,790,260,7,260,3085,395577.37,130712.86,0.3291139240506329,0.008860759493670886,0.3291139240506329,128.22605186385738
2016,8,August,824,320,3,320,3190,465925.77,184949.36,0.3883495145631068,0.0036407766990291263,0.3883495145631068,146.05823510971788
2016,9,September,914,344,2,344,3129,347981.09,130399.93,0.37636761487964987,0.002188183807439825,0.37636761487964987,111.2115979546181
2016,10,October,1008,409,13,409,3265,294698.93,120836.98000000001,0.40575396825396826,0.012896825396825396,0.40575396825396826,90.26000918836141
2016,11,November,754,271,10,271,2378,188317.36,71169.58,0.3594164456233422,0.013262599469496022,0.3594164456233422,79.19148864592094
2016,12,December,659,240,7,240,2202,192793.39,81742.28,0.36418816388467373,0.010622154779969651,0.36418816388467373,87.55376475930973
2017,1,January,634,217,3,217,1846,142241.25,58330.54,0.3422712933753943,0.00473186119873817,0.3422712933753943,77.05376489707476
2017,2,February,753,258,16,258,2381,178676.57,63154.86,0.3426294820717131,0.021248339973439574,0.3426294820717131,75.04265854682906
2017,3,March,779,267,5,267,2879,223025.18,81992.53,0.3427471116816431,0.006418485237483954,0.3427471116816431,77.46619659604029
2017,4,April,967,424,7,424,3393,374340.65,173750.58000000002,0.4384694932781799,0.007238883143743537,0.4384694932781799,110.3273356911288
2017,5,May,1053,471,10,471,3649,418172.99,196474.37,0.4472934472934473,0.00949667616334283,0.4472934472934473,114.59933954508084
2017,6,June,970,412,4,412,3548,440324.52,185166.82,0.4247422680412371,0.004123711340206186,0.4247422680412371,124.10499436302142
2017,7,July,898,346,4,346,3600,542102.76,241593.97,0.38530066815144765,0.004454342984409799,0.38530066815144765,150.5841
2017,8,August,801,296,4,296,3315,551963.01,221043.75,0.36953807740324596,0.004993757802746567,0.36953807740324596,166.50467873303168
