property,lead_band,bookings,canceled,no_show,cancel_or_noshow,stay_nights,gross_booked_proxy,gross_cancel_proxy,canceled_rate,no_show_rate,cancel_or_noshow_rate,avg_adr
City Hotel,0,494,47,11,47,777,77874.86,5833.530000000001,0.0951417004048583,0.022267206477732792,0.0951417004048583,100.22504504504505
City Hotel,1-7,1259,173,27,173,2974,310086.89,45551.21000000001,0.1374106433677522,0.021445591739475776,0.1374106433677522,104.26593476798925
City Hotel,8-30,2082,645,32,645,6016,679998.11,234874.72,0.30979827089337175,0.01536983669548511,0.30979827089337175,113.03160073138298
City Hotel,31-90,3458,1395,32,1395,10741,1152734.5,471075.63,0.4034123770965876,0.009253903990746095,0.4034123770965876,107.32096639046644
City Hotel,91-180,3067,1506,38,1506,10262,1142352.24,551788.49,0.49103358330616237,0.012389957613302902,0.49103358330616237,111.31867472227636
City Hotel,181+,2843,1875,10,1875,8373,817005.14,496726.09,0.6595145972564193,0.0035174111853675696,0.6595145972564193,97.5761543055058
Resort Hotel,0,551,23,6,23,807,56372.93,2244.19,0.041742286751361164,0.010889292196007259,0.041742286751361164,69.85493184634448
Resort Hotel,1-7,963,66,6,66,2113,180421.77,13510.43,0.06853582554517133,0.006230529595015576,0.06853582554517133,85.38654519640322
Resort Hotel,8-30,1072,238,6,238,3684,383854.93,102071.98999999999,0.22201492537313433,0.005597014925373134,0.22201492537313433,104.19514929424538
Resort Hotel,31-90,1487,477,12,477,7046,755511.45,258944.27000000002,0.32078009414929387,0.008069939475453935,0.32078009414929387,107.22558189043428
Resort Hotel,91-180,1406,536,6,536,8144,864228.63,316581.77,0.3812233285917496,0.004267425320056899,0.3812233285917496,106.1184467092338
Resort Hotel,181+,1318,557,4,557,7803,740388.99,315672.18999999994,0.4226100151745068,0.0030349013657056147,0.4226100151745068,94.88517108804307
