property,channel_clean,bookings,canceled,no_show,cancel_or_noshow,stay_nights,gross_booked_proxy,gross_cancel_proxy,canceled_rate,no_show_rate,cancel_or_noshow_rate,avg_adr
City Hotel,Aviation,38,8,1,8,141,13993.7,2347.0,0.21052631578947367,0.02631578947368421,0.21052631578947367,99.24609929078015
City Hotel,Complementary,96,11,0,11,149,474.99,111.99,0.11458333333333333,0.0,0.11458333333333333,3.187852348993289
City Hotel,Corporate,500,112,9,112,900,74318.31,17805.34,0.224,0.018,0.224,82.5759
City Hotel,Direct,994,156,19,156,2850,343891.39,62320.46,0.15694164989939638,0.019114688128772636,0.15694164989939638,120.66364561403509
City Hotel,Groups,2379,1715,12,1715,6038,529850.48,381645.69999999995,0.7208911307271963,0.005044136191677175,0.7208911307271963,87.75264657171249
City Hotel,Offline TA/TO,2787,1224,30,1224,8150,754723.05,330830.06999999995,0.43918191603875134,0.010764262648008612,0.43918191603875134,92.60405521472393
City Hotel,Online TA,6409,2415,79,2415,20915,2462799.82,1010789.11,0.3768138555156811,0.012326415977531596,0.3768138555156811,117.7528003825006
Resort Hotel,Complementary,28,5,0,5,63,36.0,0.0,0.17857142857142858,0.0,0.17857142857142858,0.5714285714285714
Resort Hotel,Corporate,415,60,3,60,944,51746.85,11521.3,0.14457831325301204,0.007228915662650603,0.14457831325301204,54.816578389830504
Resort Hotel,Direct,1144,156,11,156,4104,540603.89,104707.71,0.13636363636363635,0.009615384615384616,0.13636363636363635,131.7260940545809
Resort Hotel,Groups,1009,421,4,421,4199,275873.83,110905.15,0.4172447968285431,0.003964321110009911,0.4172447968285431,65.69988806858777
Resort Hotel,Offline TA/TO,1267,197,4,197,7922,642523.95,101765.88999999998,0.15548539857932123,0.0031570639305445935,0.15548539857932123,81.10627997980308
Resort Hotel,Online TA,2934,1058,18,1058,12365,1469994.18,680124.79,0.3605998636673483,0.006134969325153374,0.3605998636673483,118.88347594015366
