is_returning,channel_clean,bookings,canceled,no_show,cancel_or_noshow,stay_nights,gross_booked_proxy,gross_cancel_proxy,canceled_rate,no_show_rate,cancel_or_noshow_rate,avg_adr
0,Aviation,29,6,1,6,118,11705.7,2017.0,0.20689655172413793,0.034482758620689655,0.20689655172413793,99.20084745762712
0,Complementary,86,12,0,12,160,335.99,111.99,0.13953488372093023,0.0,0.13953488372093023,2.0999375000000002
0,Corporate,640,151,7,151,1371,96263.1,27330.54,0.2359375,0.0109375,0.2359375,70.21378555798688
0,Direct,2007,306,29,306,6608,847823.51,164294.22,0.15246636771300448,0.014449427005480818,0.15246636771300448,128.30258928571428
0,Groups,3335,2091,16,2091,10129,798052.72,486705.25,0.6269865067466267,0.0047976011994002995,0.6269865067466267,78.78889525125877
0,Offline TA/TO,3991,1407,33,1407,15928,1385182.66,429400.95999999996,0.3525432222500626,0.008268604359809572,0.3525432222500626,86.96525991963837
0,Online TA,9252,3467,97,3467,33081,3911921.99,1689467.3000000003,0.37472978815391267,0.010484219628188499,0.37472978815391267,118.25283365073608
1,Aviation,9,2,0,2,23,2288.0,330.0,0.2222222222222222,0.0,0.2222222222222222,99.47826086956522
1,Complementary,38,4,0,4,52,175.0,0.0,0.10526315789473684,0.0,0.10526315789473684,3.3653846153846154
1,Corporate,275,21,5,21,473,29802.06,1996.1,0.07636363636363637,0.01818181818181818,0.07636363636363637,63.00646934460888
1,Direct,131,6,1,6,346,36671.77,2733.95,0.04580152671755725,0.007633587786259542,0.04580152671755725,105.98777456647397
1,Groups,53,45,0,45,108,7671.59,5845.600000000001,0.8490566037735849,0.0,0.8490566037735849,71.03324074074074
1,Offline TA/TO,63,14,1,14,144,12064.34,3195.0,0.2222222222222222,0.015873015873015872,0.2222222222222222,83.78013888888889
1,Online TA,91,6,0,6,199,20872.01,1446.6,0.06593406593406594,0.0,0.06593406593406594,104.88447236180903
