column,dtype,missing,nunique
property,str,0,2
canceled,int64,0,2
advance_time,int64,0,453
arrival_year,int64,0,3
arrival_month,str,0,12
arrival_week_number,int64,0,53
arrival_day_of_month,int64,0,31
weekend_stays,int64,0,12
week_stays,int64,0,24
num_adults,int64,0,9
num_children,float64,0,4
meal_package,str,0,5
booking_channel,str,0,7
is_returning,int64,0,2
num_cancellations,int64,0,14
num_not_canceled,int64,0,38
reserved_room_code,str,0,9
assigned_room_code,str,0,11
num_changes,int64,0,14
deposit_terms,str,0,3
wait_days,int64,0,96
average_daily_rate,float64,0,3347
status,str,0,3
status_date,str,0,875
arrival_month_num,int64,0,12
arrival_date,datetime64[us],0,793
status_date_parsed,datetime64[us],0,875
stay_nights,int64,0,30
guests,float64,0,9
zero_guest,bool,0,2
adr_nonpositive,bool,0,2
gross_value_proxy,float64,0,4904
canceled_label,bool,0,2
no_show_label,bool,0,2
cancel_or_noshow,bool,0,2
arrival_month_clean,str,0,12
season,category,0,4
