rule,field,value,n_train,train_rate,train_lift
deposit_clean=Non Refund,deposit_clean,Non Refund,1935,0.99328165374677,2.7028072210796465
property_channel=City Hotel | Groups,property_channel,City Hotel | Groups,1734,0.734717416378316,1.9992310649750096
channel_clean=Groups,channel_clean,Groups,2506,0.6444533120510774,1.7536144545607548
lead_band=181+,lead_band,181+,2834,0.6192660550458715,1.6850777008050926
property_channel=Resort Hotel | Groups,property_channel,Resort Hotel | Groups,772,0.4417098445595855,1.2019315498220013
lead_band=91-180,lead_band,91-180,2749,0.43870498363041105,1.1937550574977172
property_channel=City Hotel | Offline TA/TO,property_channel,City Hotel | Offline TA/TO,2206,0.43834995466908433,1.1927889922968282
property=City Hotel,property,City Hotel,9145,0.4239475123018043,1.1535986729300798
is_returning_label=new,is_returning_label,new,13533,0.3733096874307249,1.0158086732808842
lead_band=31-90,lead_band,31-90,3625,0.36882758620689654,1.0036124794745485
property_channel=City Hotel | Online TA,property_channel,City Hotel | Online TA,4070,0.3520884520884521,0.9580638152066723
channel_clean=Offline TA/TO,channel_clean,Offline TA/TO,3169,0.34869043862417165,0.9488175200657732
channel_clean=Online TA,channel_clean,Online TA,6071,0.3431065722286279,0.9336233257921848
property_channel=Resort Hotel | Online TA,property_channel,Resort Hotel | Online TA,2001,0.3248375812093953,0.8839117856037968
lead_band=8-30,lead_band,8-30,2253,0.27163781624500666,0.739150520394576
deposit_clean=No Deposit,deposit_clean,No Deposit,12044,0.26751909664563267,0.7279431201241705
property=Resort Hotel,property,Resort Hotel,4855,0.2611740473738414,0.7106776799288202
property_channel=City Hotel | Corporate,property_channel,City Hotel | Corporate,406,0.22660098522167488,0.6166013203310882
is_returning_label=returning,is_returning_label,returning,467,0.19914346895074947,0.5418869903421755
channel_clean=Corporate,channel_clean,Corporate,698,0.18481375358166188,0.502894567569148
property_channel=City Hotel | Direct,property_channel,City Hotel | Direct,638,0.15203761755485892,0.4137078028703644
property_channel=Resort Hotel | Offline TA/TO,property_channel,Resort Hotel | Offline TA/TO,963,0.14330218068535824,0.38993790662682515
channel_clean=Direct,channel_clean,Direct,1445,0.1356401384083045,0.3690888119953864
property_channel=Resort Hotel | Corporate,property_channel,Resort Hotel | Corporate,292,0.1267123287671233,0.3447954524275464
property_channel=Resort Hotel | Direct,property_channel,Resort Hotel | Direct,807,0.12267657992565056,0.33381382292694034
lead_band=1-7,lead_band,1-7,1694,0.10625737898465171,0.289135725128304
lead_band=0,lead_band,0,845,0.0650887573964497,0.17711226502435293
